H0-6,H7-14,H15-23
445,991,1105
571,1225,1501
893,1175,2423
612,5857,4671
783,1593,5475
0,0,0
1511,1526,2031
324,1934,2257
737,1941,1715
980,1566,1481
409,639,853
370,770,964
0,0,0
1347,1553,1731
294,343,373
0,0,0
678,4183,1547
637,2704,2635
714,3679,1046
0,0,0
2,2,3
491,480,5400
3592,9487,7097
498,807,1788
646,742,834
1296,1490,1709
1148,4747,3557
695,1443,3914
27027,1689,4603
406,665,1633
739,1100,1226
1199,1226,1855
990,1104,1859
341,785,941
218,1285,867
2391,4375,5858
2228,5129,6085
1721,7607,11857
975,2708,10473
550,2981,935
924,3229,2420
651,2876,875
428,894,4618
0,0,0
0,0,0
1180,364,409
0,0,0
765,1309,2000
743,3101,3891
378,2459,2720
570,785,1376
930,1041,1460
987,1114,1428
2145,973,3895
897,1971,2419
651,4061,2753
1040,5070,3234
872,602,4136
811,4087,2518
729,3168,3702
2500,1366,4013
0,0,0
910,3712,2039
676,3125,1279
905,1055,1041
802,1336,1386
795,1581,1937
783,1764,1922
878,971,1105
792,1715,2597
735,1641,2475
2639,2435,1937
1271,3385,6036
300,332,460
1381,854,3794
364,585,917
444,1252,2693
2168,4586,5388
1423,4420,3280
1185,1947,4069
982,2396,5782
598,1820,1784
799,4189,2445
310,1118,3183
453,1285,5958
497,683,1572
637,1417,1335
0,0,0
549,978,1261
833,1215,680
612,605,755
487,766,1164
757,999,1175
3179,3952,7791
1167,682,6859
848,1516,1947
759,1714,6028
4536,3768,5520
2794,1319,3792
761,3156,2071
85,94,114
128,1606,1019
734,2721,2052
777,3139,2558
0,0,0
706,1696,2168
129,1059,1197
282,1452,3081
467,1435,1694
42,48,60
1371,1991,2920
877,1087,1755
702,1371,4382
344,1079,718
327,690,479
737,501,1356
295,645,776
231,1241,513
150,223,430
555,2746,3698
519,554,679
685,3059,2354
335,357,416
451,411,465
1017,1769,1807
1331,4332,3219
7,8,9
0,0,0
670,1695,687
1330,5166,4478
629,2639,2057
1662,2312,2284
129,1016,1866
732,1784,2650
965,1517,1793
1198,2188,2933
769,1623,946
902,1062,1828
4303,14660,27047
324,403,881
583,2742,1522
417,4233,3759
896,1026,3124
1271,1637,2835
653,1543,2292
979,1385,5062
19256,475,924
1227,4702,5039
740,1667,3139
1054,1331,3277
911,929,925
769,589,2366
410,895,1042
816,4004,1485
2724,5509,6400
441,1480,1077
996,1849,2413
1631,2033,4012
738,1679,1641
979,1951,1990
956,3885,4166
8736,8827,10073
557,663,1257
591,787,1285
386,531,1794
2620,2283,3880
1618,4334,4040
1063,1894,3350
570,838,1773
418,959,1533
1095,1400,1587
828,1959,2410
558,1376,3969
758,1587,1972
835,2046,3084
2036,2925,5616
554,640,713
512,1597,1549
115,1172,2448
128,660,107
818,2661,1813
860,1047,1013
5,1547,1339
1069,1112,1630
717,1690,2103
2591,1790,3358
1118,1381,2466
1021,1100,1410
1294,1155,1298
907,793,4947
1320,1445,3458
460,863,2865
670,854,2183
397,844,986
1251,5110,5115
223,79,781
573,1921,2043
881,2854,3884
0,0,0
992,6301,3156
8733,8595,9663
445,450,576
309,471,504
871,1031,2922
932,2210,4009
659,1424,1269
273,288,358
1097,1365,1893
590,1110,3835
759,1303,675
719,3001,3850
964,1020,669
1266,3559,6019
703,2090,3610
649,2016,1525
553,527,2191
1136,2462,3142
1325,2592,2563
367,399,451
281,316,357
859,2032,2499
1522,1964,3108
3119,3029,4386
1399,2070,3394
129,449,107
748,1092,4275
792,2117,2040
0,0,0
1528,2439,2246
1428,2483,3435
251,965,1002
542,605,1803
409,1432,5303
239,280,306
855,1633,3079
888,2724,2159
2313,1231,933
2772,704,1990
1190,2205,7698
554,1300,1574
246,431,611
128,107,196
868,4645,7682
538,2055,1885
680,4165,1893
1230,1142,1336
1203,2900,1067
1669,1613,2584
566,591,657
266,379,534
462,453,355
708,2344,1835
581,581,1938
1200,1559,1643
2348,1014,2500
753,5293,5414
568,1509,1349
3245,7318,9079
3542,5617,7663
1380,844,3525
3097,6017,11129
1048,1393,297
823,2822,1797
0,0,0
1374,2447,3040
814,2788,1789
767,1306,2528
721,7283,828
472,524,605
884,2405,3268
1335,2645,6405
843,2921,2128
604,5844,565
1293,1946,3259
336,762,949
80,82,85
1348,4765,3992
386,1629,848
1700,16192,7452
319,823,768
193,236,223
815,1904,3711
238,488,415
1154,2825,4295
908,3750,2321
615,956,1115
672,2033,1518
708,1477,1605
395,424,3589
1032,1270,3716
3442,5242,2921
1431,1791,2159
1497,1310,4610
776,1592,2509
2389,4685,6401
2804,6385,7661
386,1364,497
2622,4796,6419
1866,5566,2967
847,785,450
1967,3201,3947
1386,1688,2745
758,1360,2648
1495,2173,2372
0,1499,683
1189,3061,3554
942,4264,3240
847,2456,2132
373,262,290
579,1373,2016
1753,4075,5192
519,2227,2127
1477,1951,4581
1567,2172,3177
597,1856,1000
306,459,709
763,1391,1854
102,306,130
842,412,183
332,688,290
1235,2218,3792
486,3271,3284
711,3473,530
843,2320,4623
1035,2853,4406
951,1545,1871
2863,8369,7763
472,1337,3602
0,0,0
0,0,0
1008,1252,1151
1689,2772,2936
3,2,3
463,550,2609
689,725,2014
961,895,1359
3933,14459,19059
733,8002,6827
5181,5904,6626
272,562,712
396,331,1163
404,2345,1342
698,2148,3737
859,1790,5538
14979,1125,3403
788,1229,2431
601,993,1817
727,1349,2136
470,1121,1607
116,1072,1323
382,870,1044
987,2261,2681
535,1262,986
449,975,1016
670,1128,2476
559,606,697
2297,3625,2822
1520,1738,1995
684,1343,2611
677,1196,1344
320,1575,3729
2367,7192,7864
2253,7658,6925
1014,1212,1740
824,1092,6127
279,647,818
264,260,522
1120,2272,3673
465,545,573
383,976,1287
864,1262,1557
952,1004,1897
996,2787,4890
575,1230,1414
0,0,0
1357,3297,5755
614,737,2687
1188,2683,3352
643,491,2666
1852,3050,3782
85,380,2337
1441,2567,2239
356,982,1336
277,497,347
704,3142,3615
311,2800,2994
265,4954,3758
297,329,389
692,1084,1430
1240,2185,1887
1560,2047,7144
1077,2162,4482
960,1190,1739
2433,4271,5208
151,712,710
457,2181,1572
416,710,1757
1418,2050,3131
824,77,885
687,1730,2478
1028,4456,3846
688,1702,2682
967,1183,1403
800,2409,5027
51,56,65
50,57,65
8343,8767,9559
4603,5369,5399
232,269,417
456,3884,2093
416,675,424
698,670,5356
557,614,725
1133,1302,1558
793,1146,1653
649,2711,2769
954,2168,2598
131,6216,2323
712,1617,1937
1172,2667,3344
841,7217,2318
2,2,3
467,387,1005
1831,3407,7704
1231,3164,3379
2624,1872,1148
800,521,586
1269,3333,4520
1450,1457,3539
979,1134,792
1115,1992,3602
1040,1884,2511
324,743,933
216,873,789
675,4426,2299
650,2439,2407
475,539,1628
1350,1999,4018
1884,1676,2099
791,3822,6794
732,2639,4885
1073,1839,6269
1666,2977,3077
1143,3736,3138
3616,6065,5148
508,743,1664
514,543,489
1511,3175,4444
1018,2565,3621
370,1782,2049
2246,870,2729
0,0,0
2485,9363,4134
412,1037,1170
1111,2507,2989
588,953,1173
473,541,635
871,1961,2441
1689,4439,3197
823,1871,2247
1827,2884,8934
410,665,2392
920,4055,5324
300,492,699
0,0,0
1059,1406,4970
2477,1863,4215
1607,3071,3491
972,851,1859
604,779,791
1246,7298,2476
856,1871,3878
1159,2195,2464
1337,1102,2208
278,719,575
146,1240,822
356,481,495
1346,6017,2711
205,230,273
589,967,1604
1158,3285,8641
713,3868,3102
934,2593,4841
1140,3936,2480
925,328,341
1271,2668,3116
940,3259,1348
629,1898,1450
769,1189,1596
470,2417,1542
1864,921,5526
0,0,0
760,1331,1438
596,1228,1446
675,3787,3073
1534,2247,4796
377,400,473
706,1349,1524
0,0,0
1012,2643,2247
626,1096,1229
675,785,882
1490,3134,2468
121,136,368
2529,3528,3429
708,3296,3507
710,430,488
1348,2423,4945
723,2084,3512
1210,5573,4023
824,1745,2202
1255,3360,3281
1141,1614,2380
1212,1659,1761
1178,1303,1939
577,1413,1388
701,1630,1519
1509,4328,3165
353,220,351
371,2954,3812
390,1121,865
883,3921,9376
847,995,1075
776,2220,3135
255,285,325
298,1925,1978
293,1972,2117
1747,1926,3063
0,0,0
101,115,130
0,0,0
0,0,0
1330,4722,4828
692,1675,1492
1502,2130,5957
525,1260,2054
542,792,664
0,0,0
1486,4540,6007
369,433,3245
2581,5211,6474
788,2067,1571
803,3660,4171
371,494,1043
236,2133,1340
1225,418,1030
2091,1994,5668
298,482,1005
833,1310,5760
1197,1694,2421
1105,2683,4143
752,1212,2044
1214,2738,2402
717,957,1348
932,1734,2130
1185,17042,2577
396,589,548
510,2134,3342
522,2681,5424
0,0,0
1132,3106,2953
729,1933,927
2739,3397,5725
456,1372,1526
745,1720,1968
374,875,1008
1228,2798,3512
2162,3252,4306
1629,3294,3656
351,392,446
171,4044,1546
651,1404,2143
0,0,0
1319,2358,2636
195,1403,955
7,14,17
793,585,1150
1478,2805,3706
285,342,790
347,590,1048
622,341,541
357,583,332
459,1607,2547
695,2226,2264
797,1793,3713
584,560,805
1811,4092,3447
917,1194,3288
750,724,1222
897,424,1286
230,892,620
2078,5599,5569
411,1306,1202
938,3853,3042
893,8180,1912
1777,1511,1773
543,2257,2766
753,851,956
1013,1511,12401
1563,2869,2298
0,0,0
0,0,0
606,715,895
1259,3615,2487
1063,1671,2493
1754,1654,3424
594,1820,2411
1394,2922,2487
692,1279,1726
2447,4299,5874
2290,5408,6652
1478,1622,3892
577,1436,1547
684,794,883
608,1666,1855
1826,3869,3218
799,1814,2170
2,2,3
1244,4224,3090
753,1075,3981
426,1879,2017
936,4252,3041
318,1745,4156
1278,1352,1398
1041,1583,2907
1006,1974,1856
224,1144,542
395,1057,626
1037,2407,1764
69,77,88
852,2735,2646
474,532,610
290,884,4336
477,2876,2954
555,4071,1178
102,116,131
1030,2590,4088
208,549,647
0,0,0
417,4452,975
7,8,9
1235,5454,8892
985,4005,1755
2177,1032,2957
1519,4170,3171
2368,3096,4530
420,475,1104
543,1093,1385
709,1622,1925
0,0,0
899,951,3756
1513,3501,4215
1026,1457,2106
601,2150,995
227,724,589
2334,4264,5719
126,1715,525
525,599,681
584,537,586
850,953,918
0,0,0
933,2852,3380
1333,1519,1715
396,3163,2550
1085,1512,3048
928,1214,1751
1235,1342,1866
0,0,0
0,0,0
2456,2510,3790
970,2192,2731
1815,2071,2699
365,1222,1092
363,1355,1367
1116,2256,2621
460,815,994
1741,3464,4244
2527,3028,4007
328,585,670
396,659,799
1293,2271,3314
17958,1178,1139
709,939,2540
897,2092,1386
316,730,901
1447,2806,4206
999,1568,1107
811,1629,2783
797,3630,2696
773,7982,1293
476,474,619
735,1343,1803
647,1549,1513
696,1289,989
1042,3565,4367
367,374,373
345,383,590
1168,2100,4009
2012,2990,5612
492,1465,2574
922,1420,2291
1107,4096,5356
686,1459,3748
550,1788,4283
0,0,0
953,2147,2675
926,748,2218
0,0,0
1572,1812,2604
1318,2275,3404
892,1576,1921
2,3,3
588,4343,4014
1671,4650,3801
849,463,477
0,0,0
1271,1560,3412
1597,1864,3293
653,1072,1544
1151,3905,1880
426,1201,2113
640,3297,2089
342,620,824
400,855,975
2420,5469,6444
903,1428,2597
69,79,88
581,584,710
1489,1903,4024
363,473,370
611,1404,1112
884,998,1126
318,337,446
665,1396,1139
286,323,369
3534,6434,6342
813,1857,2196
379,415,474
358,409,465
0,0,0
86,2225,2646
86,96,108
788,2384,2099
1053,2411,2863
1465,2592,2740
1391,2909,2300
2,2,3
348,555,2290
694,3751,3260
721,1395,2506
484,534,404
944,604,2207
838,655,2028
47,54,198
1199,2760,3332
252,456,1004
712,4682,3465
487,3018,1134
804,3809,2967
274,616,4009
217,241,285
1560,2373,3918
562,1655,569
627,1489,1414
0,2194,301
1213,1174,3547
511,1303,583
482,842,6954
952,3132,4475
102,117,131
312,409,308
0,0,0
1085,4615,6413
1017,4386,3388
1237,1243,1398
828,898,1637
969,2249,3823
471,984,1113
0,0,0
581,3151,2572
310,377,402
746,1497,2109
945,1156,1334
682,1372,1823
958,2163,2581
344,561,743
992,1458,4678
1019,407,493
852,825,1887
2329,4438,5191
963,1382,6018
1201,2688,3129
1160,1896,2429
2082,4742,5692
894,3035,2923
429,449,540
375,960,1372
1274,5936,13726
547,4103,1432
277,78,90
662,2804,4374
1592,1691,2011
7653,8709,9435
2729,2966,3341
561,847,1137
1185,1357,1586
1171,1455,1556
1321,4632,6763
1004,6159,2693
945,1067,1210
663,2529,2378
293,540,2004
1004,2830,6764
0,0,0
669,3500,3320
727,2744,4271
606,3813,2596
550,1102,1660
1761,2065,4326
946,4594,1423
205,231,869
358,397,481
1358,2229,2433
733,2981,3526
0,0,0
759,1672,2051
112,439,74
9,10,11
350,499,800
789,453,1794
1176,2019,2835
706,854,3540
3874,8710,10863
3533,7993,9579
76,80,83
211,1052,847
947,1024,1193
281,1270,1411
1626,1835,2190
484,519,653
3307,5597,4578
887,1665,4272
2035,1998,1569
0,0,0
1176,2005,6850
934,3193,2815
353,3477,2766
0,0,0
128,256,108
709,2104,2145
427,2297,3819
936,1499,2690
849,556,700
371,399,812
597,3466,3090
1029,1021,2095
1295,2908,2953
1151,3365,4395
1197,3436,4176
1828,5793,3242
742,1291,1517
741,608,1393
596,1327,1665
461,2361,3592
458,1974,4017
2040,1356,3125
2435,1622,1996
677,2961,2122
1107,1655,2615
836,5001,1452
203,329,490
592,463,334
446,533,325
830,2723,4603
489,732,2540
828,2373,2827
350,405,669
409,793,790
3215,3956,8268
2928,5953,8690
547,740,1909
555,4483,3107
281,311,352
324,346,410
745,3935,2563
832,938,1124
563,627,699
630,1452,1619
484,2774,3613
284,508,913
483,375,1106
729,382,1518
436,2323,1675
1516,3428,4281
1050,1020,3507
650,1473,2966
1064,1003,2159
910,3654,2077
122,91,185
1460,6693,4388
525,78,1349
816,2123,5497
658,2158,3028
442,482,550
1592,1725,1969
914,5122,8946
1639,4839,6352
0,0,0
1183,1978,8943
958,1076,1211
849,2626,3063
1624,1764,4650
1007,1583,1653
1350,1094,2435
0,0,0
730,1434,3115
408,466,2457
704,2763,2339
333,393,435
694,4181,2279
811,1817,2132
7,13,16
2619,3441,7277
2427,10164,7687
497,1908,3971
1190,3338,2853
609,1702,3942
1551,6197,3730
1432,2020,2051
1030,2981,4632
479,2910,5367
505,3929,3730
245,277,410
1450,1940,2952
1308,1668,3219
1556,2849,3797
1651,3699,3845
310,763,684
313,721,890
1390,78,1323
457,746,1346
277,907,2796
3003,1408,4927
999,4130,4874
0,0,0
1203,4822,4482
641,1335,1641
1299,4180,3511
379,435,489
718,2898,3293
929,2816,4982
2275,1013,4194
0,0,0
826,1961,2540
429,493,2656
931,2152,2592
1626,4408,3673
1962,2026,3398
372,379,468
823,1460,1886
109,1928,723
1277,2817,3458
263,740,2483
1202,1997,5658
993,3731,3278
550,1732,4296
1275,3248,3776
1052,1883,1856
1073,2167,901
618,1320,1540
716,647,1179
709,2140,2856
1516,2296,2545
658,468,1269
697,684,658
833,6231,2085
470,1593,4909
679,1961,3244
1106,474,1034
1044,2045,2022
861,1816,4153
404,2176,1792
476,448,552
1010,4140,3289
918,1429,3770
1981,1684,2870
724,3538,5288
980,4620,3190
874,1611,2184
1557,3598,2928
301,338,379
463,2064,2039
0,0,0
0,0,0
1172,2666,3345
369,6333,2692
933,529,2208
3018,8705,5893
2738,6217,4055
527,669,1241
686,2679,3385
983,530,828
1256,3178,2451
505,1159,1429
919,1414,2041
3069,5335,6847
626,2591,1892
305,735,908
204,406,506
1721,6099,6563
244,255,310
1806,2047,1107
1382,1194,3400
0,0,0
0,0,0
958,290,455
1205,2172,3742
879,4029,9840
1408,1562,1407
1061,2479,1491
653,715,1256
0,0,0
1120,2526,3028
3116,1721,4269
364,410,496
746,2270,1988
652,1603,2650
621,1195,1448
182,747,1097
2,3,2
2,2,3
3,2,3
2460,8540,5619
544,700,1647
406,510,766
0,0,0
1237,2170,7968
1216,2242,6066
1181,1534,3318
1455,3535,3845
76,81,84
176,895,1180
1963,3412,3295
892,3691,2310
543,1433,829
604,1863,2007
68,78,319
86,172,495
881,1143,2235
296,528,2791
102,115,131
0,0,0
997,447,416
1106,902,1496
0,0,0
1377,4619,3395
1301,965,2801
366,2483,3706
581,921,2085
633,685,868
0,0,0
819,1179,2378
794,2123,2150
822,1564,3222
841,1656,1896
2248,2260,3966
0,0,0
556,625,730
919,2224,1442
676,781,867
319,1138,911
513,994,1529
2,3,3
470,2394,5695
994,5914,3305
0,981,673
1004,1083,1244
1369,1417,3175
16483,1536,7646
16623,1743,4146
1753,4995,2672
189,541,664
120,2130,709
1421,2203,2887
520,580,660
70,78,220
1266,535,422
221,201,271
275,456,552
0,0,0
400,2248,918
313,598,541
626,638,1425
2764,939,3779
0,0,0
1318,7384,3112
574,2308,1406
1609,6127,6863
85,584,109
972,2685,1755
0,0,0
764,1761,2171
649,2085,1582
218,1174,990
90,45,14
3,2,3
448,633,1596
993,4313,5388
637,4013,3321
677,3235,4458
395,1802,3022
0,8,24
1151,3555,4282
645,741,957
892,1920,2472
1116,1233,1539
1235,2838,2095
711,1138,2237
309,545,667
2192,5071,6397
2510,5680,6806
1141,988,1086
904,1328,9886
69,78,89
917,2210,2736
247,283,321
740,1675,2092
480,607,1640
522,1327,1131
1114,2352,5200
710,756,1323
3033,2825,2204
1076,3204,3292
788,1144,1733
921,2188,7961
390,2393,2166
949,682,1862
322,330,1381
804,3292,2689
1118,894,1871
360,351,426
2170,1352,2787
403,467,1622
1728,5282,4949
904,795,924
312,346,389
309,338,381
0,0,0
631,1393,2217
721,573,578
1253,2725,3059
252,321,337
1829,905,402
0,0,0
271,306,436
2639,4821,6463
409,499,976
409,770,763
911,1025,2541
1298,1698,2032
931,1730,2126
157,1992,738
925,3861,3998
450,1894,2303
1338,2713,3444
411,834,1968
602,1741,1122
900,1232,2545
0,0,0
2446,3119,3360
439,718,1014
443,479,546
497,1067,1007
647,989,1692
2279,1248,2989
0,0,0
2488,8913,10870
2013,6366,6163
809,3897,2159
0,0,0
1594,2414,2731
2047,6481,7074
1458,2179,1305
1249,2401,2010
370,463,475
782,4505,2250
752,432,337
580,641,4540
210,2214,2454
1561,2511,3520
506,1451,3185
820,793,1770
538,3060,5510
407,2912,3675
765,983,1058
18187,1720,994
371,2142,2889
365,3670,1005
390,1440,728
1142,17242,5345
581,1627,2197
788,3659,4881
572,6834,4851
813,4836,3576
724,1940,6487
909,4334,6420
1035,6742,3798
2005,3703,2861
1883,3441,7283
680,1166,1513
1136,1008,1061
0,0,0
874,720,2055
948,1077,1280
0,0,0
700,5478,4751
1456,2273,2775
850,4130,3182
733,2094,2647
505,2217,3760
928,1859,2198
2511,7982,7763
1368,2430,2544
674,757,883
7,14,17
1123,2604,3283
1321,1841,3245
946,3135,4400
931,1085,1212
15929,1506,4472
0,0,76
473,2320,4853
1437,3970,3273
436,861,4952
433,3360,3776
6439,4864,3566
1560,2877,2431
1094,1863,2863
2389,1220,3912
1520,3797,6363
1462,7669,6382
1695,5459,4322
465,704,1946
768,1166,1254
909,1629,1391
722,1533,1727
444,523,1555
295,327,365
1288,1009,6492
537,779,2423
1281,6971,4791
722,1595,2475
3648,5299,7695
298,328,393
0,0,0
1355,4996,2735
352,581,1562
6158,12511,20398
881,3195,2888
1056,1870,3313
3601,3529,5241
590,1094,2378
647,692,2489
0,3045,4026
562,1238,4594
262,1126,600
446,3434,1701
1099,9455,4155
190,214,240
1155,993,600
1059,1189,1337
779,4098,4327
0,0,0
967,2592,3420
4090,2340,715
1443,948,1964
0,0,0
418,2915,3087
357,509,1107
804,1668,3606
0,0,0
0,0,0
420,2100,1657
2749,6612,7961
833,2034,2770
1552,2986,3902
693,1751,2067
7,14,17
2,3,2
511,453,2455
1223,590,645
527,2521,1789
1248,4034,4408
923,1660,1959
1122,1634,4732
996,1457,1747
410,892,1037
278,143,179
102,318,584
176,203,545
1026,2180,12144
533,1242,862
862,122,676
1214,1188,2781
1095,1110,1721
1751,2829,3293
2585,2980,825
915,1753,523
504,6662,4167
933,2709,3489
4774,5749,5548
8473,8529,9880
2122,2356,2509
635,735,1249
1529,2005,5833
1146,3696,6451
1297,2376,3170
2073,3777,4699
311,350,402
678,776,881
2,2,3
2,3,2
1936,733,1649
2632,2527,3329
3795,4641,5158
0,0,0
1244,888,644
230,866,3424
435,2865,2091
851,2985,1716
1438,2291,3244
2175,3851,4989
416,554,1430
203,420,519
742,1403,1644
189,539,734
237,1178,572
466,2098,1070
773,4199,2616
559,754,931
352,780,1003
1359,2466,2221
1040,2318,2524
2115,5061,6783
792,1506,1710
238,505,1445
784,897,1003
338,362,384
911,1615,2090
862,1926,2252
1173,2374,2764
744,2713,2126
3424,3575,2893
0,0,0
85,94,113
659,866,970
718,1621,1946
770,1974,2974
876,1505,2007
486,963,1397
712,6188,4084
318,1943,727
88,89,113
2,3,2
2,3,3
648,391,564
1160,1965,2313
1198,4609,2915
1288,1741,2614
889,3119,6874
551,1337,2891
551,84,612
507,774,592
435,2480,2187
887,1500,3159
694,1844,2412
256,295,320
457,509,579
675,5631,5476
450,584,1792
101,184,129
436,670,372
1725,1975,6095
784,1498,3094
557,958,1440
778,1885,1799
642,815,834
951,1697,1378
457,491,605
2824,1467,3990
698,2511,3829
1498,3639,5946
765,514,2007
1868,2914,4623
0,0,0
792,1798,2154
639,1364,1769
724,1881,1594
169,1508,638
206,356,289
864,3367,3688
1378,2199,8768
1394,3770,5169
2026,2515,2534
304,601,1123
2105,2084,1842
16983,862,4852
1105,1190,1957
1576,6765,1987
365,837,994
152,480,579
793,4851,3545
1695,3144,3810
895,1823,1860
907,1212,1426
0,0,0
909,3650,2923
1640,1758,3414
2335,4104,2964
437,2892,2028
783,3904,5207
999,1510,1677
368,671,596
877,1689,2427
823,4951,5359
0,0,0
469,1066,895
894,7394,7830
1327,2018,2750
329,346,839
1289,1492,2114
974,5156,2811
934,1957,4525
2829,1841,2073
143,1359,491
392,1800,1161
416,2623,1580
1031,94,107
977,1987,1256
600,2543,2158
985,1039,1884
203,211,202
1170,1646,2329
616,5517,3524
635,2605,4603
1051,3874,3076
1754,3381,3086
1492,4739,5831
418,370,414
368,1036,1914
651,1205,1489
784,901,1011
563,740,642
441,699,551
635,2331,2194
1219,2058,1993
1964,5559,6740
495,2773,4581
1621,7935,4976
703,2760,3144
0,0,0
747,4241,1873
273,551,1003
545,4118,4229
323,613,763
540,2819,1128
0,0,0
1137,1399,4029
1231,1290,1694
2741,1330,1265
415,1125,1266
442,2463,2289
279,80,1416
891,297,177
792,1949,2992
315,2910,1515
435,624,1426
566,1256,8308
439,2579,2367
757,1671,599
573,1567,2371
698,2628,8480
993,2412,2649
3247,4291,4479
612,1056,1032
525,646,693
0,0,0
455,4407,3103
638,1400,2422
387,396,444
980,1424,1329
2340,1056,2914
578,4224,4213
1120,7456,6674
1605,6864,5706
0,0,0
880,3116,2465
826,2695,1861
673,1159,1278
0,0,0
187,410,182
139,748,530
2473,7288,8585
836,1000,1276
608,1013,1379
583,404,491
2713,3113,3845
4827,11433,23707
319,446,980
676,3338,2913
1264,3316,3284
1275,4228,2962
754,1653,2819
239,871,761
332,749,897
292,649,757
1358,4931,4465
1365,5842,8747
1025,13059,6931
480,1844,2515
709,1116,4141
594,3851,2172
0,2101,1329
1032,1158,1312
819,1386,3856
713,3465,6375
213,483,578
1471,5865,3979
886,1757,3602
963,1086,1231
497,2610,2400
771,1341,1498
779,1044,1120
712,2824,3232
886,1920,2451
695,1181,1774
825,1557,1517
915,2106,2599
586,733,764
130,997,180
0,0,0
1702,2770,3384
1007,2440,6515
1162,3599,3426
676,2525,1732
0,0,0
2146,4141,7962
874,1126,1709
263,291,346
857,1921,2225
284,315,346
1438,4250,4657
2474,5589,6686
929,1228,1590
364,521,2474
1519,1742,2280
456,4973,3974
458,546,548
661,3397,3588
634,1938,1817
1274,726,2824
877,1024,1645
1857,938,1847
0,0,0
0,0,0
0,0,0
1081,1891,3389
389,1895,2965
343,340,517
391,737,1274
265,305,456
823,849,2160
357,343,434
705,642,1172
871,4537,5036
761,5628,3522
1326,5415,3281
1610,4205,6292
1348,3591,2968
369,413,432
0,0,0
1559,2933,2732
86,2228,1670
1315,2380,2549
1764,3511,4304
594,944,1553
7179,15936,26668
383,532,858
3565,3784,4493
1059,1888,4243
1051,4859,4825
1223,3048,2533
1099,1776,2663
1130,1145,1872
973,1319,2753
1162,588,798
322,567,772
389,872,1026
178,3274,689
822,7446,1995
702,790,899
306,611,1918
446,545,604
925,1960,2395
2446,3530,3654
0,0,0
9882,8851,10194
211,485,576
0,0,0
1175,2931,3325
1142,2838,3560
609,1820,1778
637,1014,1966
2321,2235,2046
713,5266,3612
791,1740,1592
632,725,2884
1343,8157,5271
770,514,472
702,3828,2097
303,357,395
85,2106,242
312,646,997
588,1528,3396
704,1747,2243
0,0,0
0,0,0
2,2,3
1044,1546,2985
468,800,3875
1163,2353,3404
565,5136,5642
337,575,838
575,1368,3333
542,2114,1446
1195,1535,4310
1010,3397,3247
528,476,472
1107,1612,3910
455,1090,1642
1077,1613,2861
274,307,456
268,1037,537
1018,2523,2330
931,4837,2598
829,2761,3027
1240,1816,5627
1613,1930,5525
424,5672,3095
428,3572,3348
1096,2253,3511
0,0,0
969,6871,3374
501,1137,1348
612,705,1175
319,391,283
0,0,0
1651,5064,2341
973,1099,7216
383,1502,1175
604,1203,1315
673,1314,2496
768,2002,2469
430,567,1745
2452,1088,2650
1649,1301,5532
1154,3251,4529
2557,4674,6265
1187,2680,3346
859,1921,2253
494,1403,1518
2733,3910,3882
86,95,109
1035,3252,2330
812,2295,1936
1938,7240,5815
342,546,604
966,4577,1768
621,650,2353
575,2003,1222
505,3011,2821
3303,5849,7971
895,1616,3133
678,1457,2680
1560,4146,2959
1353,3535,5512
1824,1958,2192
1494,1622,2506
535,1405,1622
0,1880,1282
0,0,0
4820,4875,5594
1487,390,352
434,381,751
196,451,477
1231,2387,3638
944,1071,1204
876,1020,1141
353,3903,2554
692,801,1524
250,511,2431
310,980,4262
1878,4739,7961
1277,1540,2477
1086,1293,1816
671,2904,3752
237,1251,1804
0,0,0
116,691,2057
622,1378,2103
1428,3103,2557
1567,2603,1483
1013,1153,2318
1237,2541,3111
2593,2922,3648
0,0,13
43,281,632
734,791,941
661,1910,1766
1205,1630,2409
1259,4038,2596
1144,2233,7350
727,1575,2599
338,674,825
133,2622,534
653,3375,2210
1803,1883,2505
0,0,0
860,3233,3658
1088,5037,4910
939,5586,2503
370,6002,1947
764,1033,2513
1517,2983,4729
486,1298,1362
0,0,0
0,0,0
579,716,2228
1263,2477,3503
360,386,458
0,0,0
1514,3724,4315
839,1869,2181
1459,1577,6936
1389,4978,3514
3256,11548,19243
1317,5746,15203
0,0,0
0,0,0
43,48,66
822,1788,1976
0,79,379
1375,1224,3344
862,1358,2447
533,509,597
946,1258,3486
1083,1375,3044
655,392,1443
3727,7407,9061
338,681,846
331,621,762
227,126,125
945,6245,2203
1624,3858,6281
1426,3343,3840
359,2236,898
8253,7957,10873
1154,3112,1614
762,7182,3755
3453,7238,10511
1264,886,8417
1464,4609,6129
1238,2722,3565
1887,2684,1123
959,4556,2039
495,886,1221
641,764,779
1516,2037,5393
352,515,444
0,0,0
1014,1256,1768
586,561,699
457,1240,663
1406,2411,1722
1221,1160,2915
515,554,4442
393,435,499
567,1188,1371
361,406,473
970,1829,2681
1364,2750,3394
3287,7883,5130
1261,1838,2180
1067,1995,3107
270,314,562
517,416,572
1273,2468,2330
900,1648,2620
800,1951,2031
1737,2099,7459
861,925,1232
928,1776,2146
154,348,701
1694,6170,5260
484,2130,3321
1014,8280,2193
685,1323,4054
484,536,601
900,2114,1651
0,0,0
804,832,213
505,563,1127
297,445,396
1059,1623,2143
327,575,1384
813,979,2425
918,4335,2138
477,2020,2381
597,2759,4127
727,4072,7049
600,2800,2469
936,1222,1618
72,1790,2181
686,6217,2612
812,1908,1808
812,3986,2318
0,0,0
650,1312,1598
147,987,919
470,914,1035
859,3219,3158
247,246,956
875,6020,4078
1011,624,2170
964,1481,3065
1414,3274,4129
1002,2023,2528
1808,4539,3012
127,109,188
725,4455,4795
908,1028,1210
515,597,698
862,1287,1468
1269,1081,1870
170,194,218
434,2435,2522
634,882,1395
547,2186,2603
406,906,431
234,320,310
4748,5447,8356
6658,6117,7784
777,860,1462
759,1216,1530
390,1012,1323
1380,1597,2109
803,1303,1450
1171,2477,2914
705,3798,2965
370,400,467
881,4065,2175
781,2024,1684
797,1780,1675
223,3383,1289
120,134,1121
807,3294,5969
1315,2587,3348
496,727,1441
285,438,1156
1090,2172,2639
921,2016,2673
1204,2825,5407
2660,1993,2071
0,0,0
2620,5699,6635
1997,4602,5676
1866,2255,9247
1034,3487,8300
736,1967,2351
279,1659,2340
582,2915,2596
102,116,131
109,123,140
650,987,1279
0,0,0
1016,2566,4565
1103,2724,2385
828,923,1946
1037,3079,6629
452,4537,1254
725,1221,1886
1049,4716,4867
1170,6388,6309
0,0,0
0,0,0
0,0,0
1284,3606,3436
256,1008,788
1056,2294,2820
724,2122,2990
659,766,870
0,0,0
2,3,2
617,1222,2374
642,663,1379
703,1500,3704
657,2258,2952
430,568,1909
884,3214,3884
79,82,82
126,1390,623
160,546,751
160,362,808
2715,10216,8178
929,1514,8472
1090,4653,2558
795,3748,3449
502,2107,2531
711,1795,3114
0,1720,724
0,0,0
1072,4914,4335
941,4671,4676
332,547,526
1289,2443,3231
931,1062,1191
315,913,1812
830,1429,1503
750,1280,5470
285,298,364
665,1128,1746
2544,1048,4187
1866,3505,3018
939,4682,6084
904,2771,5222
1409,3094,3928
1303,3797,3136
584,650,723
552,626,713
0,0,0
650,2760,1994
152,737,674
7,14,17
0,0,0
1814,2754,2723
802,2331,3899
689,1450,2701
467,3737,3722
755,1555,2972
170,316,674
1515,6946,5600
438,1071,894
1026,9802,6981
312,97,1205
454,1601,1622
830,775,2112
1201,4171,3242
1209,382,540
572,1094,2467
525,446,352
425,982,478
584,526,573
1000,3977,2289
552,1925,3005
325,1477,1878
587,529,630
2784,6327,7583
722,1203,1672
276,328,348
1532,2157,3377
780,1897,2710
5869,4285,1927
515,490,3230
420,2836,5808
2410,2847,3598
1312,468,1264
1442,3220,3952
4008,3446,5245
1070,1598,5833
503,1708,4633
1528,4096,3254
2157,976,1027
1280,6034,2369
1264,4973,3942
867,1720,3209
386,810,1633
266,309,345
1930,4653,5761
415,1745,3471
748,907,2632
480,1698,1677
721,1659,2044
893,2575,3105
0,0,77
5089,5081,5557
364,586,951
1041,4053,4194
1294,2232,4310
722,1544,1569
805,1318,2503
439,576,1496
956,3592,5589
488,1570,2759
322,355,396
1270,1879,3158
803,1204,1298
0,0,0
799,1987,1699
3,2,3
1298,3392,3517
488,597,595
3813,914,2561
752,1181,2922
393,1366,894
1341,7275,6888
1042,2340,2744
817,3325,3772
1661,2140,5652
430,3309,2133
687,3442,2281
525,1131,1772
1097,1398,1892
475,515,6849
800,1465,4393
1137,3437,2963
0,0,0
368,611,801
958,2672,4400
958,1089,1217
452,828,1837
574,824,2033
596,648,1212
485,522,621
1670,3097,6140
2219,6584,6558
602,798,2750
150,322,468
0,0,0
85,1004,826
635,1301,1890
7,13,16
2,3,2
532,643,1442
2882,8459,7829
1374,2505,7378
2408,2580,4604
985,4978,9091
291,516,1074
848,3169,3552
973,2184,3144
387,339,371
309,332,374
1097,2209,2475
684,2004,3667
594,453,648
0,872,1876
2404,2992,4549
902,930,926
1743,7213,6865
530,582,693
677,2053,1085
524,3218,4524
1050,4161,2992
667,776,1588
509,1052,1229
259,455,424
0,0,0
360,824,1017
953,1072,1214
800,1264,1559
1189,517,2414
1211,4557,4363
638,901,3155
1470,1938,4029
256,288,324
0,0,0
358,422,462
648,487,2525
1786,1657,2796
488,1420,2706
865,622,2411
0,0,0
0,0,0
0,0,0
640,2464,4785
657,1429,4398
801,1946,2920
2741,5341,6060
400,847,989
1065,2442,3008
763,2149,3202
624,928,2123
612,897,933
694,1448,3254
50,57,64
2696,1968,2848
598,927,885
1381,2814,2580
917,7761,4161
1583,3081,2716
1551,3591,3875
532,3095,538
1619,1471,2217
2359,7587,4451
307,352,391
0,0,0
548,2524,878
909,1556,2027
1774,2616,3014
2505,4958,4289
1348,3929,5596
604,715,809
1180,3308,3326
5710,7765,19877
279,530,987
627,844,489
3538,3604,5287
1126,2424,3800
454,486,860
690,878,3591
775,3126,4278
283,570,5811
1266,1711,6557
1497,1865,4877
924,1025,1182
858,724,428
0,0,0
2240,2125,2826
433,401,486
0,0,0
1811,2450,3215
1321,3097,858
951,1074,1209
1572,4070,2251
550,1654,1766
418,3153,1041
346,397,438
1134,1344,1694
696,953,1089
711,1163,3313
876,2526,3471
1160,3109,2044
2475,2130,6520
1028,2352,3152
626,2016,2248
218,257,651
3,2,3
984,1736,2273
1224,3533,3136
269,486,1003
402,651,809
699,2205,3165
723,672,588
663,637,1374
402,659,2132
906,3278,3321
960,1151,2183
2283,1356,2216
239,408,822
240,413,582
931,914,948
1125,3936,5399
1703,1971,4690
713,1852,1280
1272,2281,3823
102,116,131
891,1310,1256
267,657,2115
367,658,677
6,8,11
3125,5392,8442
571,974,1676
0,0,0
0,0,0
749,1742,2833
727,816,944
653,2288,1810
516,1195,3043
101,726,1169
0,0,0
0,0,0
1142,2024,2620
2,3,2
1931,2158,2409
1023,1243,1374
2543,3573,6373
527,2658,3669
4488,3713,4843
143,1107,2530
448,724,1776
494,1470,2307
1051,1682,1687
1180,3580,3608
1057,2198,4821
1341,2351,1814
2401,493,574
712,1171,3658
1033,1925,1883
128,110,201
534,841,1207
727,5766,1241
1481,1906,4803
507,1743,4286
568,2821,2483
450,3354,3015
674,2502,1224
0,2598,1362
766,10495,4420
536,607,2740
1071,4171,4589
626,901,1271
655,773,1924
244,264,310
241,263,327
949,907,1176
934,811,1032
2770,7661,5951
1391,5199,7640
0,0,0
689,2724,1528
85,258,107
761,1827,1859
657,2960,1539
1483,2550,3904
1476,3158,2572
238,3566,738
1035,367,505
1192,2854,5453
1273,3942,4416
1058,1143,1341
1273,2495,2309
350,648,3689
820,796,1315
912,1072,1206
942,1117,2222
471,547,618
286,1886,2640
861,5832,3979
0,0,405
1084,1433,2944
1077,4009,1531
943,3214,5437
332,1795,1220
668,1019,1597
882,1294,2107
1009,1324,1526
797,1863,3783
731,1659,1988
257,1015,1429
1859,1867,2872
1963,7366,21493
907,1912,3788
463,1274,3451
1094,2665,5775
947,1032,1180
761,5112,6223
1473,3354,4207
1270,4604,2600
2210,2156,6925
520,894,1966
372,794,907
210,1250,702
598,2197,3062
203,230,261
716,2393,3252
455,2940,2317
1029,2436,3935
744,947,1272
362,327,773
766,2543,707
961,1071,1225
1781,3606,7199
377,1797,5736
670,1053,1953
838,1053,2016
720,1227,1622
724,1084,1906
2493,5513,9409
896,2174,4140
967,1261,2633
0,0,0
1188,2280,4252
129,491,296
72,81,90
578,1661,1991
699,794,893
660,1593,1687
438,977,1141
415,322,390
4292,4743,5441
476,4489,2857
1275,2072,2258
371,541,486
1092,3318,4221
1245,2160,3198
1074,2103,1792
17057,1636,4348
2452,1814,1003
637,883,1784
417,800,895
533,3951,1994
842,2661,2806
852,1697,3797
787,4993,2928
644,1515,3074
542,2819,5540
616,1936,3471
385,491,1066
686,1981,2169
1084,2384,3764
0,0,0
8207,8973,9693
0,35,4
1015,2172,1228
874,5484,2869
720,1207,1289
821,1136,1772
2153,4661,6741
792,1437,1914
614,1538,2219
0,0,0
0,0,0
1353,2722,2265
381,585,1149
634,1813,2231
344,1421,1417
210,626,1134
253,1809,1107
7,14,17
0,0,0
1793,4301,6398
2531,7114,11692
459,653,1541
4160,15271,19996
4912,11263,13873
529,1390,2008
298,502,368
787,2858,3365
2539,684,1027
284,304,346
384,527,484
2177,6871,5142
973,2165,5050
939,962,1192
272,78,154
874,1382,2770
234,256,307
1492,1690,2250
513,1304,974
721,1653,2039
945,1439,5180
375,846,1056
776,1112,1046
346,838,1809
656,1290,1493
1295,1305,2336
1296,4243,6025
902,6117,3835
1125,6254,2645
3161,7858,7374
1032,1003,1178
0,0,0
885,2474,1898
470,545,610
678,1348,2083
1236,2967,3663
1369,5461,3708
666,690,1136
1226,1119,3423
985,1895,2538
0,0,0
1966,2197,4730
513,3023,3193
443,1030,1394
2423,5129,6026
916,1708,2115
965,9227,2386
69,79,89
713,1975,2867
2107,3673,6347
740,1673,2087
245,273,313
642,7050,5169
109,123,139
0,0,0
1213,873,573
283,956,539
352,1521,3632
1344,1270,2813
785,1166,1572
1196,1928,1268
1386,1529,4202
926,1038,1170
563,1422,1865
0,0,0
2586,5080,8363
2427,5736,7489
930,1084,1195
498,1134,1358
2584,2193,5996
351,425,471
0,0,0
726,2284,2256
2,3,3
496,1048,7030
1277,1362,1538
647,1604,2327
738,3159,4427
619,688,2182
237,3186,1850
3303,6573,8060
1591,1414,5119
307,463,693
587,479,1217
301,655,762
1645,2093,3209
371,1242,1053
568,1748,2598
498,1468,2216
3444,3485,3696
3907,3568,3935
0,0,0
1313,3928,4226
2133,3799,5981
797,2820,889
590,1554,1724
643,1433,2510
366,429,514
782,1764,2203
1516,1420,1753
357,393,475
0,0,0
86,95,107
1078,1050,1123
419,889,1043
346,535,427
738,8769,10169
368,478,902
1032,1989,2935
772,1216,2803
16484,3191,5176
1655,9766,4093
871,1380,2683
1527,1418,3726
0,0,0
130,111,203
1603,6240,6744
2079,10904,6686
2532,1759,4052
479,1952,7199
464,500,599
535,1320,5345
568,2125,1514
660,2561,9373
1682,3019,2412
0,0,0
745,735,1141
0,0,0
959,1000,1747
638,501,2170
523,859,1085
472,528,3146
937,1969,2167
3781,6742,9159
935,1001,3491
941,2970,2460
493,1127,1332
354,426,467
0,0,0
762,2134,1996
911,1965,2329
648,1789,2208
7,14,17
621,4100,3596
3468,4531,4598
1266,1679,2090
1013,2634,2642
508,723,2495
0,0,0
31,44,103
461,1842,3242
647,1554,3989
278,612,686
670,914,2547
805,1019,1254
80,83,83
1163,3640,1898
103,2037,2267
449,1274,1312
616,2407,4739
213,237,268
431,1619,1974
379,406,2702
605,1302,1515
1144,3655,8771
1272,4751,2964
322,547,520
214,253,277
1252,2102,2479
1410,2565,1308